Location,Status
Mattuthavani,Half-Full
Simmakkal,Empty
Goripalayam,Empty
Periyar,Critical
Anna Nagar,Half-Full
Anna Nagar,Empty
Mattuthavani,Critical
Simmakkal,Empty
Goripalayam,Critical
Anna Nagar,Half-Full
Goripalayam,Empty
Mattuthavani,Empty
Anna Nagar,Empty
Simmakkal,Half-Full
Anna Nagar,Empty
Goripalayam,Half-Full
Mattuthavani,Critical
Simmakkal,Half-Full
Periyar,Half-Full
Anna Nagar,Half-Full
Goripalayam,Critical
Simmakkal,Empty
Anna Nagar,Half-Full
Simmakkal,Empty
Goripalayam,Half-Full
Anna Nagar,Half-Full
Goripalayam,Empty
Goripalayam,Empty
Periyar,Empty
Anna Nagar,Empty
Mattuthavani,Half-Full
Goripalayam,Critical
Simmakkal,Empty
Goripalayam,Empty
Mattuthavani,Empty
Mattuthavani,Critical
Goripalayam,Empty
Goripalayam,Half-Full
Simmakkal,Critical
Mattuthavani,Half-Full
Mattuthavani,Empty
Mattuthavani,Half-Full
Mattuthavani,Half-Full
Periyar,Critical
Simmakkal,Critical
Goripalayam,Half-Full
Mattuthavani,Critical
Periyar,Critical
Anna Nagar,Empty
Mattuthavani,Empty
Simmakkal,Half-Full
Mattuthavani,Empty
Goripalayam,Empty
Periyar,Half-Full
Mattuthavani,Critical
Goripalayam,Empty
Mattuthavani,Empty
Mattuthavani,Half-Full
Goripalayam,Empty
Anna Nagar,Empty
Goripalayam,Empty
Simmakkal,Half-Full
Anna Nagar,Empty
Periyar,Empty
Periyar,Empty
Mattuthavani,Critical
Simmakkal,Empty
Periyar,Critical
Mattuthavani,Empty
Goripalayam,Empty
Anna Nagar,Half-Full
Simmakkal,Half-Full
Anna Nagar,Half-Full
Periyar,Empty
Goripalayam,Critical
Mattuthavani,Half-Full
Mattuthavani,Empty
Simmakkal,Empty
Simmakkal,Half-Full
Goripalayam,Half-Full
Mattuthavani,Critical
Goripalayam,Critical
Periyar,Half-Full
Periyar,Half-Full
Simmakkal,Critical
Simmakkal,Empty
Goripalayam,Half-Full
Mattuthavani,Critical
Goripalayam,Empty
Mattuthavani,Critical
Mattuthavani,Critical
Goripalayam,Half-Full
Goripalayam,Half-Full
Anna Nagar,Empty
Simmakkal,Empty
Mattuthavani,Half-Full
Periyar,Half-Full
Simmakkal,Half-Full
Periyar,Half-Full
Simmakkal,Half-Full
